SPCODE,taxa,genus,species,variety,tolerance,native,family,hydrophyte,form,habit,group,shade,clemet.tier,odnr.class,ohio.noxious,clemet.priority
ACARHO,Acalypha_rhomboidea,Acalypha,rhomboidea,NA,tolerant,native,Euphorbiaceae,upland,forb,AN,DI,partial,NA,NA,NA,NA
ACENEG,Acer_negundo,Acer,negundo,NA,midrange,native,Aceraceae,FAC,tree,W,DI,tree,NA,NA,NA,NA
ACENIG,Acer_nigrum,Acer,nigrum,NA,midrange,native,Aceraceae,upland,tree,W,DI,tree,NA,NA,NA,NA
ACEPLA,Acer_platanoides,Acer,platanoides,NA,tolerant,adventive,Aceraceae,upland,tree,W,DI,advent,2,NA,FALSE,TRUE
ACERUB,Acer_rubrum,Acer,rubrum,NA,tolerant,native,Aceraceae,FAC,tree,W,DI,tree,NA,NA,NA,NA
ACESAC,Acer_saccharinum,Acer,saccharinum,NA,midrange,native,Aceraceae,hydrophyte,tree,W,DI,tree,NA,NA,NA,NA
ACESAR,Acer_saccharum,Acer,saccharum,NA,midrange,native,Aceraceae,upland,tree,W,DI,tree,NA,NA,NA,NA
ACTALB,Actaea_alba,Actaea,alba,NA,sensitive,native,Ranunculaceae,upland,forb,PE,DI,shade,NA,NA,NA,NA
ADIPED,Adiantum_pedatum,Adiantum,pedatum,NA,sensitive,native,Pteridaceae,FAC,fern,PE,SVP,shade,NA,NA,NA,NA
AEGPOD,Aegopodium_podagraria,Aegopodium,podagraria,NA,tolerant,adventive,Apiaceae,upland,forb,PE,DI,advent,2,NA,FALSE,FALSE
AESGLA,Aesculus_glabra,Aesculus,glabra,NA,sensitive,native,Hippocastanaceae,upland,tree,W,DI,tree,NA,NA,NA,NA
AESHIP,Aesculus_hippocastanum,Aesculus,hippocastanum,NA,tolerant,adventive,Hippocastanaceae,upland,tree,W,DI,advent,NA,NA,FALSE,FALSE
AGRGRY,Agrimonia_gryposepala,Agrimonia,gryposepala,NA,midrange,native,Rosaceae,upland,forb,PE,DI,partial,NA,NA,NA,NA
AGRPAR,Agrimonia_parviflora,Agrimonia,parviflora,NA,tolerant,native,Rosaceae,FAC,forb,PE,DI,shade,NA,NA,NA,NA
AGRPUB,Agrimonia_pubescens,Agrimonia,pubescens,NA,midrange,native,Rosaceae,upland,forb,PE,DI,shade,NA,NA,NA,NA
AGRSTR,Agrimonia_striata,Agrimonia,striata,NA,sensitive,native,Rosaceae,upland,forb,PE,DI,shade,NA,NA,NA,NA
AGRGIG,Agrostis_gigantea,Agrostis,gigantea,NA,tolerant,adventive,Poaceae,advent,grass,PE,MO,advent,NA,NA,FALSE,FALSE
AGRPER,Agrostis_perennans,Agrostis,perennans,NA,midrange,native,Poaceae,upland,grass,PE,MO,partial,NA,NA,NA,NA
AILALT,Ailanthus_altissima,Ailanthus,altissima,NA,tolerant,adventive,Simaroubaceae,upland,tree,W,DI,advent,2,established,FALSE,FALSE
AJUREP,Ajuga_reptans,Ajuga,reptans,NA,tolerant,adventive,Lamiaceae,upland,forb,PE,DI,advent,NA,NA,FALSE,FALSE
ALISUB,Alisma_subcordatum,Alisma,subcordatum,NA,tolerant,native,Alismataceae,hydrophyte,forb,PE,MO,full,NA,NA,NA,NA
ALLPET,Alliaria_petiolata,Alliaria,petiolata,NA,tolerant,adventive,Brassicaceae,upland,forb,BI,DI,advent,4,targeted,FALSE,TRUE
ALLCAN,Allium_canadense,Allium,canadense,NA,tolerant,native,Liliaceae,upland,forb,PE,MO,full,NA,NA,NA,NA
ALLTRI,Allium_tricoccum,Allium,tricoccum,NA,midrange,native,Liliaceae,upland,forb,PE,MO,shade,NA,NA,NA,NA
ALNINC,Alnus_incana,Alnus,incana,NA,sensitive,native,Betulaceae,hydrophyte,shrub,W,DI,full,NA,NA,NA,NA
AMBART,Ambrosia_artemisiifolia,Ambrosia,artemisiifolia,NA,tolerant,native,Asteraceae,upland,forb,AN,DI,full,NA,NA,NA,NA
AMELAN,Amelanchier_sp,Amelanchier,sp,NA,NA,native,Rosaceae,NA,sm.tree,W,DI,shade,NA,NA,NA,NA
AMPBRE,Ampelopsis_brevipedunculata,Ampelopsis,brevipedunculata,NA,tolerant,adventive,Vitaceae,upland,vine,W,DI,advent,NA,watchlist,FALSE,FALSE
AMPBRA,Amphicarpaea_bracteata,Amphicarpaea,bracteata,NA,midrange,native,Fabaceae,FAC,forb,PE,DI,shade,NA,NA,NA,NA
ANEQUI,Anemone_quinquefolia,Anemone,quinquefolia,NA,midrange,native,Ranunculaceae,upland,forb,PE,DI,shade,NA,NA,NA,NA
ANETHA,Anemonella_thalictroides,Anemonella,thalictroides,NA,sensitive,native,Ranunculaceae,upland,forb,PE,DI,shade,NA,NA,NA,NA
ANGATR,Angelica_atropurpurea,Angelica,atropurpurea,NA,sensitive,native,Apiaceae,hydrophyte,forb,PE,DI,partial,NA,NA,NA,NA
ANTODO,Anthoxanthum_odoratum,Anthoxanthum,odoratum,NA,tolerant,adventive,Poaceae,upland,grass,PE,MO,advent,NA,NA,FALSE,FALSE
APIAME,Apios_americana,Apios,americana,NA,midrange,native,Fabaceae,hydrophyte,forb,PE,DI,partial,NA,NA,NA,NA
APOCAN,Apocynum_cannabinum,Apocynum,cannabinum,NA,tolerant,native,Apocynaceae,upland,forb,PE,DI,full,NA,NA,NA,NA
ARALAE,Arabis_laevigata,Arabis,laevigata,NA,midrange,native,Brassicaceae,upland,forb,BI,DI,shade,NA,NA,NA,NA
ARARAC,Aralia_racemosa,Aralia,racemosa,NA,midrange,native,Araliaceae,upland,forb,PE,DI,shade,NA,NA,NA,NA
ARCLAP,Arctium_lappa,Arctium,lappa,NA,tolerant,adventive,Asteraceae,upland,forb,BI,DI,advent,NA,NA,FALSE,FALSE
ARIDRA,Arisaema_dracontium,Arisaema,dracontium,NA,midrange,native,Araceae,hydrophyte,forb,PE,MO,shade,NA,NA,NA,NA
ARITRIT,Arisaema_triphyllum,Arisaema,triphyllum,triphyllum,midrange,native,Araceae,upland,forb,PE,MO,shade,NA,NA,NA,NA
ARTVUL,Artemisia_vulgaris,Artemisia,vulgaris,NA,tolerant,adventive,Asteraceae,upland,forb,PE,DI,advent,NA,NA,FALSE,FALSE
ASACAN,Asarum_canadense,Asarum,canadense,NA,sensitive,native,Aristolochiaceae,upland,forb,PE,DI,shade,NA,NA,NA,NA
ASITRI,Asimina_triloba,Asimina,triloba,NA,sensitive,native,Annonaceae,upland,sm.tree,W,DI,shade,NA,NA,NA,NA
ASPPLA,Asplenium_platyneuron,Asplenium,platyneuron,NA,midrange,native,Aspleniaceae,upland,fern,PE,SVP,shade,NA,NA,NA,NA
ASTCOR,Aster_cordifolius,Aster,cordifolius,NA,midrange,native,Asteraceae,upland,forb,PE,DI,shade,NA,NA,NA,NA
ASTLAT,Aster_lateriflorus,Aster,lateriflorus,NA,tolerant,native,Asteraceae,hydrophyte,forb,PE,DI,shade,NA,NA,NA,NA
ASTMAC,Aster_macrophyllus,Aster,macrophyllus,NA,midrange,native,Asteraceae,upland,forb,PE,DI,shade,NA,NA,NA,NA
ASTUMB,Aster_umbellatus,Aster,umbellatus,NA,midrange,native,Asteraceae,hydrophyte,forb,PE,DI,partial,NA,NA,NA,NA
ATHFEL,Athyrium_filix-femina,Athyrium,filix-femina,NA,midrange,native,Dryopteridaceae,FAC,fern,PE,SVP,shade,NA,NA,NA,NA
ATHTHE,Athyrium_thelypteroides,Athyrium,thelypteroides,NA,sensitive,native,Dryopteridaceae,FAC,fern,PE,SVP,shade,NA,NA,NA,NA
BARVUL,Barbarea_vulgaris,Barbarea,vulgaris,NA,tolerant,adventive,Brassicaceae,upland,forb,BI,DI,advent,NA,NA,FALSE,FALSE
BERTHU,Berberis_thunbergii,Berberis,thunbergii,NA,tolerant,adventive,Berberidaceae,upland,shrub,W,DI,advent,2,established,FALSE,TRUE
BETALL,Betula_alleghaniensis,Betula,alleghaniensis,NA,sensitive,native,Betulaceae,FAC,tree,W,DI,tree,NA,NA,NA,NA
BETLEN,Betula_lenta,Betula,lenta,NA,sensitive,native,Betulaceae,upland,tree,W,DI,tree,NA,NA,NA,NA
BIDFRO,Bidens_frondosa,Bidens,frondosa,NA,tolerant,native,Asteraceae,hydrophyte,forb,AN,DI,full,NA,NA,NA,NA
BLEHIR,Blephilia_hirsuta,Blephilia,hirsuta,NA,midrange,native,Lamiaceae,upland,forb,PE,DI,shade,NA,NA,NA,NA
BOECYL,Boehmeria_cylindrica,Boehmeria,cylindrica,NA,midrange,native,Urticaceae,hydrophyte,forb,PE,DI,shade,NA,NA,NA,NA
BOTRYC,Botrychium_sp,Botrychium,sp,NA,NA,native,Ophioglossaceae,NA,fern,PE,SVP,shade,NA,NA,NA,NA
BRAERE,Brachyelytrum_erectum,Brachyelytrum,erectum,NA,midrange,native,Poaceae,upland,grass,PE,MO,shade,NA,NA,NA,NA
CALSEP,Calystegia_sepium,Calystegia,sepium,NA,tolerant,native,Convolvulaceae,FAC,forb,PE,DI,full,NA,NA,NA,NA
CAMRAD,Campsis_radicans,Campsis,radicans,NA,tolerant,native,Bignoniaceae,FAC,vine,W,DI,full,NA,NA,NA,NA
CARDIP,Cardamine_diphylla,Cardamine,diphylla,NA,midrange,native,Brassicaceae,upland,forb,PE,DI,shade,NA,NA,NA,NA
CARDOU,Cardamine_douglassii,Cardamine,douglassii,NA,midrange,native,Brassicaceae,hydrophyte,forb,PE,DI,shade,NA,NA,NA,NA
CARHIR,Cardamine_hirsuta,Cardamine,hirsuta,NA,tolerant,adventive,Brassicaceae,upland,forb,AN,DI,advent,NA,NA,FALSE,FALSE
CARPAR,Cardamine_parviflora,Cardamine,parviflora,NA,tolerant,native,Brassicaceae,upland,forb,AN,DI,full,NA,NA,NA,NA
CARPEN,Cardamine_pensylvanica,Cardamine,pensylvanica,NA,midrange,native,Brassicaceae,hydrophyte,forb,AN,DI,partial,NA,NA,NA,NA
CXALBU,Carex_albursina,Carex,albursina,NA,sensitive,native,Cyperaceae,upland,sedge,PE,MO,shade,NA,NA,NA,NA
CXAMPH,Carex_amphibola,Carex,amphibola,NA,midrange,native,Cyperaceae,FAC,sedge,PE,MO,shade,NA,NA,NA,NA
CXAPPA,Carex_appalachica,Carex,appalachica,NA,sensitive,native,Cyperaceae,upland,sedge,PE,MO,shade,NA,NA,NA,NA
CXBLAN,Carex_blanda,Carex,blanda,NA,tolerant,native,Cyperaceae,FAC,sedge,PE,MO,shade,NA,NA,NA,NA
CXBROM,Carex_bromoides,Carex,bromoides,NA,sensitive,native,Cyperaceae,hydrophyte,sedge,PE,MO,shade,NA,NA,NA,NA
CXCPHLA,Carex_cephalophora,Carex,cephalophora,NA,midrange,native,Cyperaceae,upland,sedge,PE,MO,shade,NA,NA,NA,NA
CXCOMM,Carex_communis,Carex,communis,NA,midrange,native,Cyperaceae,upland,sedge,PE,MO,partial,NA,NA,NA,NA
CXCOMP,Carex_complanata,Carex,complanata,NA,midrange,native,Cyperaceae,upland,sedge,PE,MO,partial,NA,NA,NA,NA
CXCONJ,Carex_conjuncta,Carex,conjuncta,NA,midrange,native,Cyperaceae,hydrophyte,sedge,PE,MO,full,NA,NA,NA,NA
CXCRINC,Carex_crinita,Carex,crinita,crinita,midrange,native,Cyperaceae,hydrophyte,sedge,PE,MO,shade,NA,NA,NA,NA
CXCRIS,Carex_cristatella,Carex,cristatella,NA,midrange,native,Cyperaceae,hydrophyte,sedge,PE,MO,full,NA,NA,NA,NA
CXDEBIR,Carex_debilis,Carex,debilis,rudgei,sensitive,native,Cyperaceae,FAC,sedge,PE,MO,shade,NA,NA,NA,NA
CXDIGI,Carex_digitalis,Carex,digitalis,NA,midrange,native,Cyperaceae,upland,sedge,PE,MO,shade,NA,NA,NA,NA
CXFEST,Carex_festucacea,Carex,festucacea,NA,sensitive,native,Cyperaceae,FAC,sedge,PE,MO,partial,NA,NA,NA,NA
CXFRAN,Carex_frankii,Carex,frankii,NA,tolerant,native,Cyperaceae,hydrophyte,sedge,PE,MO,full,NA,NA,NA,NA
CXGLAU,Carex_glaucodea,Carex,glaucodea,NA,midrange,native,Cyperaceae,FAC,sedge,PE,MO,shade,NA,NA,NA,NA
CXGRCLI,Carex_gracillima,Carex,gracillima,NA,midrange,native,Cyperaceae,upland,sedge,PE,MO,shade,NA,NA,NA,NA
CXGRAN,Carex_granularis,Carex,granularis,NA,midrange,native,Cyperaceae,hydrophyte,sedge,PE,MO,full,NA,NA,NA,NA
CXGRAY,Carex_grayi,Carex,grayi,NA,midrange,native,Cyperaceae,hydrophyte,sedge,PE,MO,shade,NA,NA,NA,NA
CXHIRS,Carex_hirsutella,Carex,hirsutella,NA,tolerant,native,Cyperaceae,upland,sedge,PE,MO,partial,NA,NA,NA,NA
CXHIRT,Carex_hirtifolia,Carex,hirtifolia,NA,midrange,native,Cyperaceae,upland,sedge,PE,MO,shade,NA,NA,NA,NA
CXINTU,Carex_intumescens,Carex,intumescens,NA,midrange,native,Cyperaceae,hydrophyte,sedge,PE,MO,shade,NA,NA,NA,NA
CXJAME,Carex_jamesii,Carex,jamesii,NA,sensitive,native,Cyperaceae,upland,sedge,PE,MO,shade,NA,NA,NA,NA
CXLAEV,carex_laevivaginata,carex,laevivaginata,NA,sensitive,native,Cyperaceae,hydrophyte,sedge,PE,MO,shade,NA,NA,NA,NA
CXLAXC,Carex_laxiculmis,Carex,laxiculmis,NA,midrange,native,Cyperaceae,upland,sedge,PE,MO,shade,NA,NA,NA,NA
CXLAXF,Carex_laxiflora,Carex,laxiflora,NA,midrange,native,Cyperaceae,upland,sedge,PE,MO,shade,NA,NA,NA,NA
CXLUPL,Carex_lupulina,Carex,lupulina,NA,midrange,native,Cyperaceae,hydrophyte,sedge,PE,MO,partial,NA,NA,NA,NA
CXLURI,Carex_lurida,Carex,lurida,NA,midrange,native,Cyperaceae,hydrophyte,sedge,PE,MO,full,NA,NA,NA,NA
CXNORM,Carex_normalis,Carex,normalis,NA,midrange,native,Cyperaceae,upland,sedge,PE,MO,shade,NA,NA,NA,NA
CXOLIGC,carex_oligocarpa,carex,oligocarpa,NA,sensitive,native,Cyperaceae,upland,sedge,PE,MO,shade,NA,NA,NA,NA
CXPENS,Carex_pensylvanica,Carex,pensylvanica,NA,midrange,native,Cyperaceae,upland,sedge,PE,MO,shade,NA,NA,NA,NA
CXPLNT,Carex_plantaginea,Carex,plantaginea,NA,sensitive,native,Cyperaceae,upland,sedge,PE,MO,shade,NA,NA,NA,NA
CXPRAS,Carex_prasina,Carex,prasina,NA,sensitive,native,Cyperaceae,hydrophyte,sedge,PE,MO,shade,NA,NA,NA,NA
CXRADI,Carex_radiata,Carex,radiata,NA,sensitive,native,Cyperaceae,FAC,sedge,PE,MO,shade,NA,NA,NA,NA
CXROSE,Carex_rosea,Carex,rosea,NA,midrange,native,Cyperaceae,upland,sedge,PE,MO,shade,NA,NA,NA,NA
CXSCOP,Carex_scoparia,Carex,scoparia,NA,midrange,native,Cyperaceae,hydrophyte,sedge,PE,MO,full,NA,NA,NA,NA
CXSPAR,Carex_sparganioides,Carex,sparganioides,NA,midrange,native,Cyperaceae,upland,sedge,PE,MO,shade,NA,NA,NA,NA
CXSTIP,Carex_stipata,Carex,stipata,NA,tolerant,native,Cyperaceae,hydrophyte,sedge,PE,MO,partial,NA,NA,NA,NA
CXSWAN,Carex_swanii,Carex,swanii,NA,midrange,native,Cyperaceae,upland,sedge,PE,MO,shade,NA,NA,NA,NA
CXTRIB,Carex_tribuloides,Carex,tribuloides,NA,midrange,native,Cyperaceae,hydrophyte,sedge,PE,MO,partial,NA,NA,NA,NA
CXVULP,Carex_vulpinoidea,Carex,vulpinoidea,NA,tolerant,native,Cyperaceae,hydrophyte,sedge,PE,MO,full,NA,NA,NA,NA
CXWOOD,Carex_woodii,Carex,woodii,NA,sensitive,native,Cyperaceae,upland,sedge,PE,MO,shade,NA,NA,NA,NA
CRPCAR,Carpinus_caroliniana,Carpinus,caroliniana,NA,midrange,native,Betulaceae,FAC,sm.tree,W,DI,shade,NA,NA,NA,NA
CARCOR,Carya_cordiformis,Carya,cordiformis,NA,midrange,native,Juglandaceae,upland,tree,W,DI,tree,NA,NA,NA,NA
CARGLA,Carya_glabra,Carya,glabra,NA,midrange,native,Juglandaceae,upland,tree,W,DI,tree,NA,NA,NA,NA
CARLAC,Carya_laciniosa,Carya,laciniosa,NA,sensitive,native,Juglandaceae,FAC,tree,W,DI,tree,NA,NA,NA,NA
CAROVT,Carya_ovata,Carya,ovata,NA,sensitive,native,Juglandaceae,upland,tree,W,DI,tree,NA,NA,NA,NA
CASDEN,Castanea_dentata,Castanea,dentata,NA,sensitive,native,Fagaceae,upland,tree,W,DI,tree,NA,NA,NA,NA
CATBIG,Catalpa_bignoniodes,Catalpa,bignoniodes,NA,tolerant,adventive,Bignoniaceae,upland,tree,W,DI,advent,NA,NA,FALSE,FALSE
CATSPE,Catalpa_speciosa,Catalpa,speciosa,NA,tolerant,adventive,Bignoniaceae,FAC,tree,W,DI,advent,NA,NA,FALSE,FALSE
CAUTHA,Caulophyllum_thalictroides,Caulophyllum,thalictroides,NA,sensitive,native,Berberidaceae,upland,forb,PE,DI,shade,NA,NA,NA,NA
CELORB,Celastrus_orbiculatus,Celastrus,orbiculatus,NA,tolerant,adventive,Celastraceae,upland,vine,W,DI,advent,2,established,FALSE,FALSE
CELOCC,Celtis_occidentalis,Celtis,occidentalis,NA,midrange,native,Ulmaceae,upland,tree,W,DI,tree,NA,NA,NA,NA
CEPOCC,Cephalanthus_occidentalis,Cephalanthus,occidentalis,NA,sensitive,native,Rubiaceae,hydrophyte,shrub,W,DI,full,NA,NA,NA,NA
CERVUL,Cerastium_vulgatum,Cerastium,vulgatum,NA,tolerant,adventive,Caryophyllaceae,upland,forb,PE,DI,advent,NA,NA,FALSE,FALSE
CERCAN,Cercis_canadensis,Cercis,canadensis,NA,midrange,native,Caesalpiniaceae,upland,sm.tree,W,DI,shade,NA,NA,NA,NA
CHEGLA,Chelone_glabra,Chelone,glabra,NA,sensitive,native,Scrophulariaceae,hydrophyte,forb,PE,DI,partial,NA,NA,NA,NA
CHRAME,Chrysosplenium_americanum,Chrysosplenium,americanum,NA,sensitive,native,Saxifragaceae,hydrophyte,forb,PE,DI,shade,NA,NA,NA,NA
CICMAC,Cicuta_maculata,Cicuta,maculata,NA,midrange,native,Apiaceae,hydrophyte,forb,PE,DI,full,NA,NA,NA,NA
CIMRAC,Cimicifuga_racemosa,Cimicifuga,racemosa,NA,sensitive,native,Ranunculaceae,upland,forb,PE,DI,shade,NA,NA,NA,NA
CINARU,Cinna_arundinacea,Cinna,arundinacea,NA,midrange,native,Poaceae,hydrophyte,grass,PE,MO,shade,NA,NA,NA,NA
CIRLUT,Circaea_lutetiana,Circaea,lutetiana,NA,midrange,native,Onagraceae,upland,forb,PE,DI,shade,NA,NA,NA,NA
CLEVIR,Clematis_virginiana,Clematis,virginiana,NA,midrange,native,Ranunculaceae,FAC,forb,PE,DI,partial,NA,NA,NA,NA
COLCAN,Collinsonia_canadensis,Collinsonia,canadensis,NA,midrange,native,Lamiaceae,FAC,forb,PE,DI,shade,NA,NA,NA,NA
CONAME,Conopholis_americana,Conopholis,americana,NA,sensitive,native,Orobanchaceae,upland,forb,AN,DI,shade,NA,NA,NA,NA
CONMAJ,Convallaria_majalis,Convallaria,majalis,NA,tolerant,adventive,Liliaceae,upland,forb,PE,DI,advent,3,NA,FALSE,FALSE
CONARV,Convolvulus_arvensis,Convolvulus,arvensis,NA,tolerant,adventive,Convolvulaceae,upland,forb,PE,DI,advent,NA,NA,FALSE,FALSE
CORALT,Cornus_alternifolia,Cornus,alternifolia,NA,midrange,native,Cornaceae,upland,shrub,W,DI,shade,NA,NA,NA,NA
CORAMO,Cornus_amomum,Cornus,amomum,NA,tolerant,native,Cornaceae,hydrophyte,shrub,W,DI,full,NA,NA,NA,NA
CORFLO,Cornus_florida,Cornus,florida,NA,midrange,native,Cornaceae,upland,sm.tree,W,DI,shade,NA,NA,NA,NA
CORRAC,Cornus_racemosa,Cornus,racemosa,NA,tolerant,native,Cornaceae,FAC,shrub,W,DI,full,NA,NA,NA,NA
CRACRU,Crataegus_crus-galli,Crataegus,crus-galli,NA,midrange,native,Rosaceae,upland,sm.tree,W,DI,full,NA,NA,NA,NA
CRYCAN,Cryptotaenia_canadensis,Cryptotaenia,canadensis,NA,midrange,native,Apiaceae,FAC,forb,PE,DI,shade,NA,NA,NA,NA
DACGLO,Dactylis_glomerata,Dactylis,glomerata,NA,tolerant,adventive,Poaceae,upland,grass,PE,MO,advent,NA,NA,FALSE,FALSE
DANSPI,Danthonia_spicata,Danthonia,spicata,NA,midrange,native,Poaceae,upland,grass,PE,MO,shade,NA,NA,NA,NA
DAUCAR,Daucus_carota,Daucus,carota,NA,tolerant,adventive,Apiaceae,upland,forb,BI,DI,advent,NA,established,TRUE,FALSE
DESPAN,Desmodium_paniculatum,Desmodium,paniculatum,NA,midrange,native,Fabaceae,upland,forb,PE,DI,shade,NA,NA,NA,NA
DIGISC,Digitaria_ischaemum,Digitaria,ischaemum,NA,tolerant,adventive,Poaceae,upland,grass,AN,MO,advent,NA,NA,FALSE,FALSE
DIOVIL,Dioscorea_villosa,Dioscorea,villosa,NA,midrange,native,Dioscoreaceae,FAC,vine,PE,DI,partial,NA,NA,NA,NA
DRYCAR,Dryopteris_carthusiana,Dryopteris,carthusiana,NA,midrange,native,Dryopteridaceae,FAC,fern,PE,SVP,shade,NA,NA,NA,NA
DRYGOL,Dryopteris_goldiana,Dryopteris,goldiana,NA,sensitive,native,Dryopteridaceae,FAC,fern,PE,SVP,shade,NA,NA,NA,NA
DRYINT,Dryopteris_intermedia,Dryopteris,intermedia,NA,sensitive,native,Dryopteridaceae,upland,fern,PE,SVP,shade,NA,NA,NA,NA
DRYMAR,Dryopteris_marginalis,Dryopteris,marginalis,NA,midrange,native,Dryopteridaceae,upland,fern,PE,SVP,shade,NA,NA,NA,NA
DUCIND,Duchesnea_indica,Duchesnea,indica,NA,tolerant,adventive,Rosaceae,upland,forb,PE,DI,advent,NA,NA,FALSE,FALSE
ECHCRU,Echinochloa_crusgalli,Echinochloa,crusgalli,NA,tolerant,adventive,Poaceae,upland,grass,AN,MO,advent,NA,NA,FALSE,FALSE
ECHMUR,Echinochloa_muricata,Echinochloa,muricata,NA,midrange,native,Poaceae,hydrophyte,grass,AN,MO,full,NA,NA,NA,NA
ECHLOB,Echinocystis_lobata,Echinocystis,lobata,NA,tolerant,native,Cucurbitaceae,FAC,vine,AN,DI,shade,NA,NA,NA,NA
ELAANG,Elaeagnus_angustifolia,Elaeagnus,angustifolia,NA,tolerant,adventive,Elaeagnaceae,upland,sm.tree,W,DI,advent,NA,established,FALSE,FALSE
ELAUMB,Elaeagnus_umbellata,Elaeagnus,umbellata,NA,tolerant,adventive,Elaeagnaceae,upland,sm.tree,W,DI,advent,2,targeted,FALSE,FALSE
ELYHYS,Elymus_hystrix,Elymus,hystrix,NA,midrange,native,Poaceae,upland,grass,PE,MO,shade,NA,NA,NA,NA
ELYRIP,Elymus_riparius,Elymus,riparius,NA,midrange,native,Poaceae,hydrophyte,grass,PE,MO,partial,NA,NA,NA,NA
ELYVIL,Elymus_villosus,Elymus,villosus,NA,midrange,native,Poaceae,upland,grass,PE,MO,partial,NA,NA,NA,NA
ELYVIR,Elymus_virginicus,Elymus,virginicus,NA,midrange,native,Poaceae,hydrophyte,grass,PE,MO,partial,NA,NA,NA,NA
EPIVIR,Epifagus_virginiana,Epifagus,virginiana,NA,sensitive,native,Orobanchaceae,upland,forb,AN,DI,shade,NA,NA,NA,NA
EPICIL,Epilobium_ciliatum,Epilobium,ciliatum,NA,midrange,native,Onagraceae,FAC,forb,PE,DI,full,NA,NA,NA,NA
EPICOL,Epilobium_coloratum,Epilobium,coloratum,NA,tolerant,native,Onagraceae,hydrophyte,forb,PE,DI,full,NA,NA,NA,NA
EPIPAR,Epilobium_parviflorum,Epilobium,parviflorum,NA,tolerant,adventive,Onagraceae,advent,forb,PE,DI,advent,NA,established,FALSE,FALSE
EPIHEL,Epipactis_helleborine,Epipactis,helleborine,NA,tolerant,adventive,Equisetaceae,upland,forb,PE,DI,advent,NA,NA,FALSE,FALSE
EQUARV,Equisetum_arvense,Equisetum,arvense,NA,tolerant,native,Equisetaceae,FAC,fern,PE,SVP,full,NA,NA,NA,NA
EQUHYE,Equisetum_hyemale,Equisetum,hyemale,NA,tolerant,native,Equisetaceae,hydrophyte,fern,PE,SVP,full,NA,NA,NA,NA
EREHIE,Erechtites_hieracifolia,Erechtites,hieracifolia,NA,tolerant,native,Asteraceae,upland,forb,AN,DI,full,NA,NA,NA,NA
ERIGER,Erigeron_sp,Erigeron,sp,NA,NA,native,Asteraceae,upland,forb,NA,DI,full,NA,NA,NA,NA
EUOALA,Euonymus_alatus,Euonymus,alatus,NA,tolerant,adventive,Celastraceae,upland,shrub,W,DI,advent,NA,established,FALSE,FALSE
EUOFOR,Euonymus_fortunei,Euonymus,fortunei,NA,tolerant,adventive,Celastraceae,upland,vine,W,DI,advent,2,established,FALSE,FALSE
EUOOBO,Euonymus_obovatus,Euonymus,obovatus,NA,midrange,native,Celastraceae,FAC,shrub,W,DI,full,NA,NA,NA,NA
EUPMAC,Eupatorium_maculatum,Eupatorium,maculatum,NA,sensitive,native,Asteraceae,hydrophyte,forb,PE,DI,full,NA,NA,NA,NA
EUPPER,Eupatorium_perfoliatum,Eupatorium,perfoliatum,NA,midrange,native,Asteraceae,hydrophyte,forb,PE,DI,full,NA,NA,NA,NA
EUPPUR,Eupatorium_purpureum,Eupatorium,purpureum,NA,midrange,native,Asteraceae,FAC,forb,PE,DI,partial,NA,NA,NA,NA
EUPRUG,Eupatorium_rugosum,Eupatorium,rugosum,NA,midrange,native,Asteraceae,upland,forb,PE,DI,shade,NA,NA,NA,NA
EUPHMA,Euphorbia_maculata,Euphorbia,maculata,NA,tolerant,native,Euphorbiaceae,upland,forb,AN,DI,full,NA,NA,NA,NA
EUTGRA,Euthamia_graminifolia,Euthamia,graminifolia,NA,tolerant,native,Asteraceae,FAC,forb,PE,DI,full,NA,NA,NA,NA
FAGGRA,Fagus_grandifolia,Fagus,grandifolia,NA,sensitive,native,Fagaceae,upland,tree,W,DI,tree,NA,NA,NA,NA
FESELA,Festuca_elatior,Festuca,elatior,NA,tolerant,adventive,Poaceae,upland,grass,PE,MO,advent,NA,NA,FALSE,FALSE
FESSUB,Festuca_subverticillata,Festuca,subverticillata,NA,midrange,native,Poaceae,upland,grass,PE,MO,shade,NA,NA,NA,NA
FRAVESV,Fragaria_vesca,Fragaria,vesca,vesca,tolerant,adventive,Rosaceae,upland,forb,PE,DI,advent,NA,NA,FALSE,FALSE
FRAVIR,Fragaria_virginiana,Fragaria,virginiana,NA,tolerant,native,Rosaceae,upland,forb,PE,DI,full,NA,NA,NA,NA
FRAAME,Fraxinus_americana,Fraxinus,americana,NA,sensitive,native,Oleaceae,upland,tree,W,DI,tree,NA,NA,NA,NA
FRANIG,Fraxinus_nigra,Fraxinus,nigra,NA,sensitive,native,Oleaceae,hydrophyte,tree,W,DI,tree,NA,NA,NA,NA
FRAPEN,Fraxinus_pennsylvanica,Fraxinus,pennsylvanica,NA,midrange,native,Oleaceae,hydrophyte,tree,W,DI,tree,NA,NA,NA,NA
GALQUA,Galinsoga_quadriradiata,Galinsoga,quadriradiata,NA,tolerant,adventive,Asteraceae,upland,forb,AN,DI,advent,NA,NA,FALSE,FALSE
GALAPA,Galium_aparine,Galium,aparine,NA,tolerant,native,Rubiaceae,upland,forb,AN,DI,partial,NA,NA,NA,NA
GALCIR,Galium_circaezans,Galium,circaezans,NA,midrange,native,Rubiaceae,upland,forb,PE,DI,shade,NA,NA,NA,NA
GALCON,Galium_concinnum,Galium,concinnum,NA,midrange,native,Rubiaceae,upland,forb,PE,DI,shade,NA,NA,NA,NA
GALMOL,Galium_mollugo,Galium,mollugo,NA,tolerant,adventive,Rubiaceae,upland,forb,PE,DI,advent,NA,NA,FALSE,FALSE
GALODO,Galium_odoratum,Galium,odoratum,NA,tolerant,adventive,Rubiaceae,upland,forb,PE,DI,advent,NA,NA,FALSE,FALSE
GALPAL,Galium_palustre,Galium,palustre,NA,sensitive,native,Rubiaceae,hydrophyte,forb,PE,DI,full,NA,NA,NA,NA
GALTFL,Galium_triflorum,Galium,triflorum,NA,midrange,native,Rubiaceae,upland,forb,PE,DI,shade,NA,NA,NA,NA
GAUPRO,Gaultheria_procumbens,Gaultheria,procumbens,NA,midrange,native,Ericaceae,upland,shrub,W,DI,shade,NA,NA,NA,NA
GERMAC,Geranium_maculatum,Geranium,maculatum,NA,midrange,native,Geraniaceae,upland,forb,PE,DI,shade,NA,NA,NA,NA
GERROB,Geranium_robertianum,Geranium,robertianum,NA,midrange,native,Geraniaceae,upland,forb,AN,DI,shade,NA,NA,NA,NA
GEUCAN,Geum_canadense,Geum,canadense,NA,tolerant,native,Rosaceae,upland,forb,PE,DI,shade,NA,NA,NA,NA
GEULAC,Geum_laciniatum,Geum,laciniatum,NA,tolerant,native,Rosaceae,FAC,forb,PE,DI,shade,NA,NA,NA,NA
GEUVER,Geum_vernum,Geum,vernum,NA,tolerant,native,Rosaceae,upland,forb,PE,DI,shade,NA,NA,NA,NA
GLEHED,Glechoma_hederacea,Glechoma,hederacea,NA,tolerant,adventive,Lamiaceae,upland,forb,PE,DI,advent,NA,NA,FALSE,FALSE
GLETRI,Gleditsia_triacanthos,Gleditsia,triacanthos,NA,midrange,native,Caesalpinaceae,FAC,tree,W,DI,tree,NA,NA,NA,NA
GLYSEP,Glyceria_septentrionalis,Glyceria,septentrionalis,NA,sensitive,native,Poaceae,hydrophyte,grass,PE,MO,shade,NA,NA,NA,NA
GLYSTR,Glyceria_striata,Glyceria,striata,NA,tolerant,native,Poaceae,hydrophyte,grass,PE,MO,shade,NA,NA,NA,NA
HACVIR,Hackelia_virginiana,Hackelia,virginiana,NA,tolerant,native,Boraginaceae,upland,forb,BI,DI,shade,NA,NA,NA,NA
HAMVIR,Hamamelis_virginiana,Hamamelis,virginiana,NA,midrange,native,Hamamelidaceae,FAC,sm.tree,W,DI,shade,NA,NA,NA,NA
HEDPUL,Hedeoma_pulegioides,Hedeoma,pulegioides,NA,tolerant,native,Lamiaceae,upland,forb,AN,DI,shade,NA,NA,NA,NA
HEDHEL,Hedera_helix,Hedera,helix,NA,tolerant,adventive,Araliaceae,upland,vine,W,DI,advent,NA,NA,FALSE,FALSE
HEDCAE,Hedyotis_caerulea,Hedyotis,caerulea,NA,midrange,native,Rubiaceae,upland,forb,PE,DI,full,NA,NA,NA,NA
HEMFUL,Hemerocallis_fulva,Hemerocallis,fulva,NA,tolerant,adventive,Liliaceae,upland,forb,PE,MO,advent,NA,established,FALSE,FALSE
HEPACU,Hepatica_acutiloba,Hepatica,acutiloba,NA,midrange,native,Ranunculacea,upland,forb,PE,DI,shade,NA,NA,NA,NA
HESMAT,Hesperis_matronalis,Hesperis,matronalis,NA,tolerant,adventive,Brassicaceae,upland,forb,BI,DI,advent,4,established,FALSE,FALSE
HIEPAN,Hieracium_paniculatum,Hieracium,paniculatum,NA,sensitive,native,Asteraceae,upland,forb,PE,DI,shade,NA,NA,NA,NA
HOLLAN,Holcus_lanatus,Holcus,lanatus,NA,tolerant,adventive,Poaceae,upland,grass,PE,MO,advent,NA,NA,FALSE,FALSE
HDRCAN,Hydrastis_canadensis,Hydrastis,canadensis,NA,sensitive,native,Ranunculacea,upland,forb,PE,DI,shade,NA,NA,NA,NA
HYDCAN,Hydrophyllum_canadense,Hydrophyllum,canadense,NA,midrange,native,Hydrophyllaceae,upland,forb,PE,DI,shade,NA,NA,NA,NA
HYDVIR,Hydrophyllum_virginianum,Hydrophyllum,virginianum,NA,midrange,native,Hydrophyllaceae,FAC,forb,PE,DI,shade,NA,NA,NA,NA
HYPPER,Hypericum_perforatum,Hypericum,perforatum,NA,tolerant,adventive,Clusiaceae,upland,forb,PE,DI,advent,NA,NA,FALSE,FALSE
HYPPRO,Hypericum_prolificum,Hypericum,prolificum,NA,midrange,native,Clusiaceae,upland,shrub,W,DI,full,NA,NA,NA,NA
HYPPUN,Hypericum_punctatum,Hypericum,punctatum,NA,tolerant,native,Clusiaceae,FAC,forb,PE,DI,full,NA,NA,NA,NA
ILEOPA,Ilex_opaca,Ilex,opaca,NA,tolerant,adventive,Aquifoliaceae,upland,sm.tree,W,DI,advent,NA,NA,FALSE,FALSE
IMPCAP,Impatiens_capensis,Impatiens,capensis,NA,tolerant,native,Balsaminaceae,hydrophyte,forb,AN,DI,partial,NA,NA,NA,NA
IMPPAL,Impatiens_pallida,Impatiens,pallida,NA,midrange,native,Balsaminaceae,hydrophyte,forb,AN,DI,shade,NA,NA,NA,NA
IRIPSE,Iris_pseudacorus,Iris,pseudacorus,NA,tolerant,adventive,Iridaceae,advent,forb,PE,MO,advent,3,NA,FALSE,FALSE
JEFDIP,Jeffersonia_diphylla,Jeffersonia,diphylla,NA,sensitive,native,Berberidaceae,upland,forb,PE,DI,shade,NA,NA,NA,NA
JUGNIG,Juglans_nigra,Juglans,nigra,NA,midrange,native,Juglandaceae,upland,tree,W,DI,tree,NA,NA,NA,NA
JUNEFF,Juncus_effusus,Juncus,effusus,NA,tolerant,native,Juncaceae,hydrophyte,forb,PE,MO,full,NA,NA,NA,NA
JUNTEN,Juncus_tenuis,Juncus,tenuis,NA,tolerant,native,Juncaceae,FAC,forb,PE,MO,partial,NA,NA,NA,NA
LAPCAN,Laportea_canadensis,Laportea,canadensis,NA,midrange,native,Urticaceae,hydrophyte,forb,PE,DI,shade,NA,NA,NA,NA
LAPCOM,Lapsana_communis,Lapsana,communis,NA,tolerant,adventive,Asteraceae,upland,forb,AN,DI,advent,NA,NA,FALSE,FALSE
LEEORY,Leersia_oryzoides,Leersia,oryzoides,NA,tolerant,native,Poaceae,hydrophyte,grass,PE,MO,full,NA,NA,NA,NA
LEEVIR,Leersia_virginica,Leersia,virginica,NA,midrange,native,Poaceae,hydrophyte,grass,PE,MO,shade,NA,NA,NA,NA
LIATRIS,Liatris_sp,Liatris,sp,NA,NA,NA,Asteraceae,NA,forb,PE,DI,full,NA,NA,NA,NA
LIGVUL,Ligustrum_vulgare,Ligustrum,vulgare,NA,tolerant,adventive,Oleaceae,upland,shrub,W,DI,advent,4,established,FALSE,FALSE
LINBEN,Lindera_benzoin,Lindera,benzoin,NA,midrange,native,Lauraceae,hydrophyte,shrub,W,DI,shade,NA,NA,NA,NA
LIQSTY,Liquidambar_styraciflua,Liquidambar,styraciflua,NA,sensitive,native,Hamamelidaceae,FAC,tree,W,DI,tree,NA,NA,NA,NA
LIRTUL,Liriodendron_tulipifera,Liriodendron,tulipifera,NA,sensitive,native,Magnoliaceae,upland,tree,W,DI,tree,NA,NA,NA,NA
LOBINF,Lobelia_inflata,Lobelia,inflata,NA,tolerant,native,Campanulaceae,upland,forb,AN,DI,full,NA,NA,NA,NA
LOBSIP,Lobelia_siphilitica,Lobelia,siphilitica,NA,midrange,native,Campanulaceae,hydrophyte,forb,PE,DI,shade,NA,NA,NA,NA
LONDIO,Lonicera_dioica,Lonicera,dioica,NA,midrange,native,Caprifoliaceae,upland,vine,W,DI,shade,NA,NA,NA,NA
LONJAP,Lonicera_japonica,Lonicera,japonica,NA,tolerant,adventive,Caprifoliaceae,FAC,vine,W,DI,advent,2,targeted,FALSE,TRUE
LONMAA,Lonicera_maackii,Lonicera,maackii,NA,tolerant,adventive,Caprifoliaceae,upland,shrub,W,DI,advent,2,targeted,FALSE,TRUE
LONMOR,Lonicera_morrowii,Lonicera,morrowii,NA,tolerant,adventive,Caprifoliaceae,upland,shrub,W,DI,advent,4,targeted,FALSE,TRUE
LONTAT,Lonicera_tatarica,Lonicera,tatarica,NA,tolerant,adventive,Caprifoliaceae,upland,shrub,W,DI,advent,4,targeted,FALSE,TRUE
LUDPAL,Ludwigia_palustris,Ludwigia,palustris,NA,midrange,native,Onagraceae,hydrophyte,forb,AN,DI,full,NA,NA,NA,NA
LUZACU,Luzula_acuminata,Luzula,acuminata,NA,sensitive,native,Juncaceae,FAC,forb,PE,MO,shade,NA,NA,NA,NA
LUZMUL,Luzula_multiflora,Luzula,multiflora,NA,midrange,native,Juncaceae,upland,forb,PE,MO,shade,NA,NA,NA,NA
LYCVIR,Lycopus_virginicus,Lycopus,virginicus,NA,midrange,native,Lamiaceae,hydrophyte,forb,PE,DI,full,NA,NA,NA,NA
LYSCIL,Lysimachia_ciliata,Lysimachia,ciliata,NA,midrange,native,Primulaceae,hydrophyte,forb,PE,DI,shade,NA,NA,NA,NA
LYSNUM,Lysimachia_nummularia,Lysimachia,nummularia,NA,tolerant,adventive,Primulaceae,advent,forb,PE,DI,advent,NA,established,FALSE,FALSE
LYTSAL,Lythrum_salicaria,Lythrum,salicaria,NA,tolerant,adventive,Lythraceae,advent,forb,PE,DI,advent,2,targeted,TRUE,TRUE
MACPOM,Maclura_pomifera,Maclura,pomifera,NA,tolerant,adventive,Moraceae,upland,tree,W,DI,advent,NA,NA,FALSE,FALSE
MAGACU,Magnolia_acuminata,Magnolia,acuminata,NA,sensitive,native,Magnoliaceae,upland,tree,W,DI,tree,NA,NA,NA,NA
MAICAN,Maianthemum_canadense,Maianthemum,canadense,NA,sensitive,native,Liliaceae,FAC,forb,PE,MO,shade,NA,NA,NA,NA
MAIRAC,Maianthemum_racemosum,Maianthemum,racemosum,NA,midrange,native,Liliaceae,upland,forb,PE,MO,shade,NA,NA,NA,NA
MATSTR,Matteuccia_struthiopteris,Matteuccia,struthiopteris,NA,sensitive,native,Dryopteridaceae,hydrophyte,fern,PE,DI,shade,NA,NA,NA,NA
MEDLUP,Medicago_lupulina,Medicago,lupulina,NA,tolerant,adventive,Fabaceae,upland,forb,AN,DI,advent,NA,NA,FALSE,FALSE
MELALB,Melilotus_alba,Melilotus,alba,NA,tolerant,adventive,Fabaceae,upland,forb,PE,DI,advent,NA,established,FALSE,FALSE
MLIOFF,Melissa_officinalis,Melissa,officinalis,NA,tolerant,adventive,Lamiaceae,upland,forb,PE,DI,advent,NA,NA,FALSE,FALSE
MENCAN,Menispermum_canadense,Menispermum,canadense,NA,midrange,native,Menispermaceae,upland,vine,PE,DI,shade,NA,NA,NA,NA
MENARV,Mentha_arvensis,Mentha,arvensis,NA,tolerant,native,Lamiaceae,hydrophyte,forb,PE,DI,full,NA,NA,NA,NA
MENPIP,Mentha_piperata,Mentha,piperata,NA,tolerant,adventive,Lamiaceae,advent,forb,PE,DI,advent,NA,NA,FALSE,FALSE
MICVIM,Microstegium_vimineum,Microstegium,vimineum,NA,tolerant,adventive,Poaceae,FAC,grass,AN,MO,advent,1,watchlist,FALSE,FALSE
MIMALA,Mimulus_alatus,Mimulus,alatus,NA,sensitive,native,Scrophulariaceae,hydrophyte,forb,PE,DI,full,NA,NA,NA,NA
MITREP,Mitchella_repens,Mitchella,repens,NA,midrange,native,Rubiaceae,upland,forb,PE,DI,shade,NA,NA,NA,NA
MITDIP,Mitella_diphylla,Mitella,diphylla,NA,sensitive,native,Saxifragaceae,upland,forb,PE,DI,shade,NA,NA,NA,NA
MNTUNI,Monotropa_uniflora,Monotropa,uniflora,NA,midrange,native,Monotropaceae,upland,forb,PE,DI,shade,NA,NA,NA,NA
MORALB,Morus_alba,Morus,alba,NA,tolerant,adventive,Moraceae,upland,tree,W,DI,advent,NA,NA,FALSE,FALSE
MOSS,Moss_sp,Moss,sp,NA,NA,NA,Musci,NA,bryo,bryo,bryo,bryo,NA,NA,NA,NA
MUHSCH,Muhlenbergia_schreberi,Muhlenbergia,schreberi,NA,tolerant,native,Poaceae,FAC,grass,PE,MO,full,NA,NA,NA,NA
MYOLAX,Myosotis_laxa,Myosotis,laxa,NA,sensitive,native,Boraginaceae,hydrophyte,forb,PE,DI,partial,NA,NA,NA,NA
MYOSCO,Myosotis_scorpioides,Myosotis,scorpioides,NA,tolerant,adventive,Boraginaceae,advent,forb,PE,DI,advent,NA,NA,FALSE,FALSE
NYSSYL,Nyssa_sylvatica,Nyssa,sylvatica,NA,sensitive,native,Cornaceae,FAC,tree,W,DI,tree,NA,NA,NA,NA
ONOSEN,Onoclea_sensibilis,Onoclea,sensibilis,NA,tolerant,native,Dryopteridaceae,hydrophyte,fern,PE,SVP,full,NA,NA,NA,NA
OSMOCL,Osmorhiza_claytonii,Osmorhiza,claytonii,NA,midrange,native,Apiaceae,upland,forb,PE,DI,shade,NA,NA,NA,NA
OSMOLO,Osmorhiza_longistylis,Osmorhiza,longistylis,NA,midrange,native,Apiaceae,upland,forb,PE,DI,shade,NA,NA,NA,NA
OSTVIR,Ostrya_virginiana,Ostrya,virginiana,NA,midrange,native,Betulaceae,upland,sm.tree,W,DI,shade,NA,NA,NA,NA
OXASTR,Oxalis_stricta,Oxalis,stricta,NA,tolerant,native,Oxalidaceae,upland,forb,PE,DI,full,NA,NA,NA,NA
PACTER,Pachysandra_terminalis,Pachysandra,terminalis,NA,tolerant,adventive,Buxaceae,upland,vine,PE,DI,advent,3,NA,FALSE,FALSE
PANCLA,Panicum_clandestinum,Panicum,clandestinum,NA,tolerant,native,Poaceae,FAC,grass,PE,MO,shade,NA,NA,NA,NA
PANFLE,Panicum_flexile,Panicum,flexile,NA,midrange,native,Poaceae,upland,grass,AN,MO,partial,NA,NA,NA,NA
PANLAN,Panicum_lanuginosum,Panicum,lanuginosum,NA,midrange,native,Poaceae,FAC,grass,PE,MO,full,NA,NA,NA,NA
PANLIN,Panicum_linearifolium,Panicum,linearifolium,NA,midrange,native,Poaceae,upland,grass,PE,MO,full,NA,NA,NA,NA
PARQUI,Parthenocissus_quinquefolia,Parthenocissus,quinquefolia,NA,tolerant,native,Vitaceae,upland,vine,W,DI,shade,NA,NA,NA,NA
PENDIG,Penstemon_digitalis,Penstemon,digitalis,NA,tolerant,native,Scrophulariaceae,FAC,forb,PE,DI,full,NA,NA,NA,NA
PENSED,Penthorum_sedoides,Penthorum,sedoides,NA,tolerant,native,Saxifragaceae,hydrophyte,forb,PE,DI,full,NA,NA,NA,NA
PETHYB,Petasites_hybridus,Petasites,hybridus,NA,tolerant,adventive,Asteraceae,hydrophyte,forb,PE,DI,advent,NA,NA,FALSE,FALSE
PHAARU,Phalaris_arundinacea,Phalaris,arundinacea,NA,tolerant,adventive,Poaceae,advent,grass,PE,MO,full,4,targeted,FALSE,TRUE
PHLPRA,Phleum_pratense,Phleum,pratense,NA,tolerant,adventive,Poaceae,upland,grass,PE,MO,advent,NA,NA,FALSE,FALSE
PHLDIV,Phlox_divaricata,Phlox,divaricata,NA,midrange,native,Polemoniaceae,upland,forb,PE,DI,shade,NA,NA,NA,NA
PHYAME,Phytolacca_americana,Phytolacca,americana,NA,tolerant,native,Phytolaccaceae,upland,forb,PE,DI,full,NA,NA,NA,NA
PILPUM,Pilea_pumila,Pilea,pumila,NA,tolerant,native,Urticaceae,hydrophyte,forb,AN,DI,partial,NA,NA,NA,NA
PINNIG,Pinus_nigra,Pinus,nigra,NA,tolerant,adventive,Pinaceae,upland,tree,W,GYMN,advent,NA,NA,FALSE,FALSE
PINSTRN,Pinus_strobus,Pinus,strobus,NA,sensitive,native,Pinaceae,upland,tree,W,GYMN,tree,NA,NA,NA,NA
PINSYL,Pinus_sylvestris,Pinus,sylvestris,NA,tolerant,adventive,Pinaceae,upland,tree,W,GYMN,advent,NA,NA,FALSE,FALSE
PLANLA,Plantago_lanceolata,Plantago,lanceolata,NA,tolerant,adventive,Plantaginaceae,upland,forb,PE,DI,advent,NA,NA,FALSE,FALSE
PLANMA,Plantago_major,Plantago,major,NA,tolerant,adventive,Plantaginaceae,upland,forb,PE,DI,advent,NA,NA,FALSE,FALSE
PLANRU,Plantago_rugelii,Plantago,rugelii,NA,tolerant,native,Plantaginaceae,upland,forb,PE,DI,full,NA,NA,NA,NA
PLAOCC,Platanus_occidentalis,Platanus,occidentalis,NA,sensitive,native,Platanaceae,hydrophyte,tree,W,DI,tree,NA,NA,NA,NA
POAALS,Poa_alsodes,Poa,alsodes,NA,midrange,native,Poaceae,hydrophyte,grass,PE,MO,shade,NA,NA,NA,NA
POAANN,Poa_annua,Poa,annua,NA,tolerant,adventive,Poaceae,upland,grass,AN,MO,advent,NA,NA,FALSE,FALSE
POACOM,Poa_compressa,Poa,compressa,NA,tolerant,adventive,Poaceae,upland,grass,PE,MO,advent,NA,NA,FALSE,FALSE
POAPRA,Poa_pratensis,Poa,pratensis,NA,tolerant,adventive,Poaceae,upland,grass,PE,MO,advent,NA,NA,FALSE,FALSE
POASYL,Poa_sylvestris,Poa,sylvestris,NA,midrange,native,Poaceae,hydrophyte,grass,PE,MO,shade,NA,NA,NA,NA
POATRI,Poa_trivialis,Poa,trivialis,NA,tolerant,adventive,Poaceae,advent,grass,PE,MO,advent,NA,NA,FALSE,FALSE
PODPEL,Podophyllum_peltatum,Podophyllum,peltatum,NA,midrange,native,Berberidaceae,upland,forb,PE,MO,shade,NA,NA,NA,NA
POLREP,Polemonium_reptans,Polemonium,reptans,NA,midrange,native,Polemoniaceae,upland,forb,PE,DI,shade,NA,NA,NA,NA
POLBIF,Polygonatum_biflorum,Polygonatum,biflorum,NA,midrange,native,Liliaceae,upland,forb,PE,MO,shade,NA,NA,NA,NA
POLPUB,Polygonatum_pubescens,Polygonatum,pubescens,NA,midrange,native,Liliaceae,upland,forb,PE,MO,shade,NA,NA,NA,NA
PLGAVI,Polygonum_aviculare,Polygonum,aviculare,NA,tolerant,adventive,Polygonaceae,upland,forb,AN,DI,advent,NA,NA,FALSE,FALSE
PLGCES,Polygonum_cespitosum,Polygonum,cespitosum,NA,tolerant,adventive,Polygonaceae,upland,forb,AN,DI,advent,NA,NA,FALSE,FALSE
PLGCON,Polygonum_convolvulus,Polygonum,convolvulus,NA,tolerant,adventive,Polygonaceae,upland,vine,AN,DI,advent,NA,NA,FALSE,FALSE
PLGCUS,Polygonum_cuspidatum,Polygonum,cuspidatum,NA,tolerant,adventive,Polygonaceae,upland,forb,PE,DI,advent,4,targeted,FALSE,TRUE
PLGHPR,Polygonum_hydropiper,Polygonum,hydropiper,NA,tolerant,native,Polygonaceae,hydrophyte,forb,AN,DI,full,NA,NA,NA,NA
PLGHPO,Polygonum_hydropiperoides,Polygonum,hydropiperoides,NA,sensitive,native,Polygonaceae,hydrophyte,forb,PE,DI,full,NA,NA,NA,NA
PLGPER,Polygonum_persicaria,Polygonum,persicaria,NA,tolerant,adventive,Polygonaceae,advent,forb,AN,DI,advent,NA,NA,FALSE,FALSE
PLGPUN,Polygonum_punctatum,Polygonum,punctatum,NA,sensitive,native,Polygonaceae,hydrophyte,forb,PE,DI,full,NA,NA,NA,NA
PLGSAG,Polygonum_sagittatum,Polygonum,sagittatum,NA,tolerant,native,Polygonaceae,hydrophyte,forb,AN,DI,full,NA,NA,NA,NA
PLGVIR,Polygonum_virginianum,Polygonum,virginianum,NA,midrange,native,Polygonaceae,FAC,forb,PE,DI,shade,NA,NA,NA,NA
POLVIG,Polypodium_virginianum,Polypodium,virginianum,NA,sensitive,native,Polypodiaceae,upland,fern,PE,SVP,shade,NA,NA,NA,NA
POLACR,Polystichum_acrostichoides,Polystichum,acrostichoides,NA,midrange,native,Dryopteridaceae,upland,fern,PE,SVP,shade,NA,NA,NA,NA
POPALB,Populus_alba,Populus,alba,NA,tolerant,adventive,Salicaceae,upland,tree,W,DI,advent,NA,NA,FALSE,FALSE
POPDEL,Populus_deltoides,Populus,deltoides,NA,midrange,native,Salicaceae,FAC,tree,W,DI,tree,NA,NA,NA,NA
POPGRA,Populus_grandidentata,Populus,grandidentata,NA,tolerant,native,Salicaceae,upland,tree,W,DI,tree,NA,NA,NA,NA
POTREC,Potentilla_recta,Potentilla,recta,NA,tolerant,adventive,Rosaceae,upland,forb,PE,DI,advent,NA,NA,FALSE,FALSE
POTSIM,Potentilla_simplex,Potentilla,simplex,NA,tolerant,native,Rosaceae,upland,forb,PE,DI,full,NA,NA,NA,NA
PRENAN,Prenanthes_sp,Prenanthes,sp,NA,NA,native,Asteraceae,NA,forb,PE,DI,NA,NA,NA,NA,NA
PROLAN,Prosartes_lanuginosa,Prosartes,lanuginosa,NA,sensitive,native,Liliaceae,upland,forb,PE,DI,shade,NA,NA,NA,NA
PRUVUL,Prunella_vulgaris,Prunella,vulgaris,NA,tolerant,native,Lamiaceae,upland,forb,PE,DI,partial,NA,NA,NA,NA
PRUCER,Prunus_cerasus,Prunus,cerasus,NA,tolerant,adventive,Rosaceae,upland,sm.tree,W,DI,advent,NA,NA,FALSE,FALSE
PRUSER,Prunus_serotina,Prunus,serotina,NA,midrange,native,Rosaceae,upland,tree,W,DI,tree,NA,NA,NA,NA
PRUVIR,Prunus_virginiana,Prunus,virginiana,NA,tolerant,native,Rosaceae,upland,sm.tree,W,DI,shade,NA,NA,NA,NA
PTEAQU,Pteridium_aquilinum,Pteridium,aquilinum,NA,tolerant,native,Dennstaedtiaceae,upland,fern,PE,SVP,partial,NA,NA,NA,NA
PYCMUT,Pycnanthemum_muticum,Pycnanthemum,muticum,NA,sensitive,native,Lamiaceae,hydrophyte,forb,PE,DI,partial,NA,NA,NA,NA
PYRCOR,Pyrus_coronaria,Pyrus,coronaria,NA,midrange,native,Rosaceae,upland,sm.tree,W,DI,full,NA,NA,NA,NA
PYRMAL,Pyrus_malus,Pyrus,malus,NA,tolerant,adventive,Rosaceae,upland,sm.tree,W,DI,advent,NA,NA,FALSE,FALSE
QUEALB,Quercus_alba,Quercus,alba,NA,sensitive,native,Fagaceae,upland,tree,W,DI,tree,NA,NA,NA,NA
QUEBIC,Quercus_bicolor,Quercus,bicolor,NA,sensitive,native,Fagaceae,hydrophyte,tree,W,DI,tree,NA,NA,NA,NA
QUECOC,Quercus_coccinea,Quercus,coccinea,NA,sensitive,native,Fagaceae,upland,tree,W,DI,tree,NA,NA,NA,NA
QUEMAC,Quercus_macrocarpa,Quercus,macrocarpa,NA,sensitive,native,Fagaceae,FAC,tree,W,DI,tree,NA,NA,NA,NA
QUEMUE,Quercus_muehlenbergii,Quercus,muehlenbergii,NA,sensitive,native,Fagaceae,upland,tree,W,DI,tree,NA,NA,NA,NA
QUEPAL,Quercus_palustris,Quercus,palustris,NA,midrange,native,Fagaceae,hydrophyte,tree,W,DI,tree,NA,NA,NA,NA
QUERUB,Quercus_rubra,Quercus,rubra,NA,sensitive,native,Fagaceae,upland,tree,W,DI,tree,NA,NA,NA,NA
QUEVEL,Quercus_velutina,Quercus,velutina,NA,sensitive,native,Fagaceae,upland,tree,W,DI,tree,NA,NA,NA,NA
RANABO,Ranunculus_abortivus,Ranunculus,abortivus,NA,tolerant,native,Ranunculaceae,hydrophyte,forb,PE,DI,shade,NA,NA,NA,NA
RANACR,Ranunculus_acris,Ranunculus,acris,NA,tolerant,adventive,Ranunculaceae,FAC,forb,PE,DI,advent,NA,NA,FALSE,FALSE
RANALL,Ranunculus_allegheniensis,Ranunculus,allegheniensis,NA,midrange,native,Ranunculaceae,FAC,forb,PE,DI,shade,NA,NA,NA,NA
RANFIC,Ranunculus_ficaria,Ranunculus,ficaria,NA,tolerant,adventive,Ranunculaceae,FAC,forb,PE,DI,advent,1,established,FALSE,TRUE
RANHIS,Ranunculus_hispidus,Ranunculus,hispidus,NA,midrange,native,Ranunculaceae,FAC,forb,PE,DI,shade,NA,NA,NA,NA
RANREC,Ranunculus_recurvatus,Ranunculus,recurvatus,NA,midrange,native,Ranunculaceae,FAC,forb,PE,DI,shade,NA,NA,NA,NA
RANREP,Ranunculus_repens,Ranunculus,repens,NA,tolerant,adventive,Ranunculaceae,FAC,forb,PE,DI,advent,NA,NA,FALSE,FALSE
RHACAT,Rhamnus_cathartica,Rhamnus,cathartica,NA,tolerant,adventive,Rhamnaceae,upland,sm.tree,W,DI,advent,2,targeted,FALSE,TRUE
RHAFRA,Rhamnus_frangula,Rhamnus,frangula,NA,tolerant,adventive,Rhamnaceae,FAC,shrub,W,DI,advent,4,targeted,FALSE,TRUE
RHODOD,Rhododendron_sp,Rhododendron,sp,NA,sensitive,native,Ericaceae,NA,shrub,W,DI,shade,NA,NA,NA,NA
RHUTYP,Rhus_typhina,Rhus,typhina,NA,tolerant,native,Anacardiaceae,upland,shrub,W,DI,full,NA,NA,NA,NA
RIBCYN,Ribes_cynosbati,Ribes,cynosbati,NA,midrange,native,Grossulariaceae,upland,shrub,W,DI,partial,NA,NA,NA,NA
ROBPSE,Robinia_pseudoacacia,Robinia,pseudoacacia,NA,tolerant,native,Fabaceae,upland,tree,W,DI,tree,NA,NA,NA,NA
ROSCAR,Rosa_carolina,Rosa,carolina,NA,midrange,native,Rosaceae,upland,shrub,W,DI,full,NA,NA,NA,NA
ROSMUL,Rosa_multiflora,Rosa,multiflora,NA,tolerant,adventive,Rosaceae,upland,shrub,W,DI,advent,4,targeted,FALSE,TRUE
ROSSET,Rosa_setigera,Rosa,setigera,NA,midrange,native,Rosaceae,upland,shrub,W,DI,full,NA,NA,NA,NA
RUBALL,Rubus_allegheniensis,Rubus,allegheniensis,NA,tolerant,native,Rosaceae,upland,shrub,W,DI,full,NA,NA,NA,NA
RUBHIS,Rubus_hispidus,Rubus,hispidus,NA,midrange,native,Rosaceae,hydrophyte,forb,PE,DI,partial,NA,NA,NA,NA
RUBOCC,Rubus_occidentalis,Rubus,occidentalis,NA,tolerant,native,Rosaceae,upland,shrub,W,DI,full,NA,NA,NA,NA
RUBPEN,Rubus_pensylvanicus,Rubus,pensylvanicus,NA,tolerant,native,Rosaceae,upland,shrub,W,DI,full,NA,NA,NA,NA
RUMACE,Rumex_acetosella,Rumex,acetosella,NA,tolerant,adventive,Polygonaceae,upland,forb,PE,DI,advent,NA,NA,FALSE,FALSE
RUMCRI,Rumex_crispus,Rumex,crispus,NA,tolerant,adventive,Polygonaceae,upland,forb,PE,DI,advent,NA,NA,FALSE,FALSE
RUMOBT,Rumex_obtusifolius,Rumex,obtusifolius,NA,tolerant,adventive,Polygonaceae,upland,forb,PE,DI,advent,NA,NA,FALSE,FALSE
SLXFRA,Salix_fragilis,Salix,fragilis,NA,tolerant,adventive,Salicaceae,FAC,tree,W,DI,advent,NA,NA,FALSE,FALSE
SAMPUB,Sambucus_pubens,Sambucus,pubens,NA,sensitive,native,Caprifoliaceae,upland,shrub,W,DI,full,NA,NA,NA,NA
SANCAN,Sanguinaria_canadensis,Sanguinaria,canadensis,NA,midrange,native,Papaveraceae,upland,forb,PE,DI,shade,NA,NA,NA,NA
SANICAN,Sanicula_canadensis,Sanicula,canadensis,NA,midrange,native,Apiaceae,upland,forb,PE,DI,shade,NA,NA,NA,NA
SANIGR,Sanicula_gregaria,Sanicula,gregaria,NA,midrange,native,Apiaceae,upland,forb,PE,DI,shade,NA,NA,NA,NA
SANIMA,Sanicula_marilandica,Sanicula,marilandica,NA,midrange,native,Apiaceae,upland,forb,PE,DI,shade,NA,NA,NA,NA
SASALB,Sassafras_albidum,Sassafras,albidum,NA,midrange,native,Lauraceae,upland,tree,W,DI,tree,NA,NA,NA,NA
SCIATR,Scirpus_atrovirens,Scirpus,atrovirens,NA,tolerant,native,Cyperaceae,hydrophyte,sedge,PE,MO,full,NA,NA,NA,NA
SCICYP,Scirpus_cyperinus,Scirpus,cyperinus,NA,tolerant,native,Cyperaceae,hydrophyte,sedge,PE,MO,full,NA,NA,NA,NA
SCRMAR,Scrophularia_marilandica,Scrophularia,marilandica,NA,midrange,native,Scrophulariaceae,upland,forb,PE,DI,shade,NA,NA,NA,NA
SCULAT,Scutellaria_lateriflora,Scutellaria,lateriflora,NA,midrange,native,Lamiaceae,hydrophyte,forb,PE,DI,partial,NA,NA,NA,NA
SEDTER,Sedum_ternatum,Sedum,ternatum,NA,midrange,native,Crassulaceae,upland,forb,PE,DI,full,NA,NA,NA,NA
SENAUR,Senecio_aureus,Senecio,aureus,NA,midrange,native,Asteraceae,hydrophyte,forb,PE,DI,shade,NA,NA,NA,NA
SENOBO,Senecio_obovatus,Senecio,obovatus,NA,midrange,native,Asteraceae,upland,forb,PE,DI,shade,NA,NA,NA,NA
SISANG,Sisyrinchium_angustifolium,Sisyrinchium,angustifolium,NA,tolerant,native,Iridaceae,hydrophyte,forb,PE,MO,full,NA,NA,NA,NA
SMXHIS,Smilax_hispida,Smilax,hispida,NA,midrange,native,Smilacaceae,FAC,vine,W,MO,shade,NA,NA,NA,NA
SMXROT,Smilax_rotundifolia,Smilax,rotundifolia,NA,midrange,native,Smilacaceae,FAC,vine,W,MO,shade,NA,NA,NA,NA
SLMCAR,Solanum_carolinense,Solanum,carolinense,NA,tolerant,adventive,Solanaceae,upland,forb,PE,DI,advent,NA,NA,FALSE,FALSE
SLMDUL,Solanum_dulcamara,Solanum,dulcamara,NA,tolerant,adventive,Solanaceae,FAC,vine,PE,DI,advent,NA,NA,FALSE,FALSE
SLMNIG,Solanum_nigrum,Solanum,nigrum,NA,tolerant,native,Solanaceae,upland,forb,AN,DI,partial,NA,NA,NA,NA
SOLBIC,Solidago_bicolor,Solidago,bicolor,NA,midrange,native,Asteraceae,upland,forb,PE,DI,shade,NA,NA,NA,NA
SOLCAE,Solidago_caesia,Solidago,caesia,NA,midrange,native,Asteraceae,upland,forb,PE,DI,shade,NA,NA,NA,NA
SOLCAN,Solidago_canadensis,Solidago,canadensis,NA,tolerant,native,Asteraceae,upland,forb,PE,DI,full,NA,NA,NA,NA
SOLFLE,Solidago_flexicaulis,Solidago,flexicaulis,NA,midrange,native,Asteraceae,upland,forb,PE,DI,shade,NA,NA,NA,NA
SOLGIG,Solidago_gigantea,Solidago,gigantea,NA,midrange,native,Asteraceae,hydrophyte,forb,PE,DI,partial,NA,NA,NA,NA
SOLJUN,Solidago_juncea,Solidago,juncea,NA,tolerant,native,Asteraceae,upland,forb,PE,DI,partial,NA,NA,NA,NA
SOLRUG,Solidago_rugosa,Solidago,rugosa,NA,tolerant,native,Asteraceae,FAC,forb,PE,DI,full,NA,NA,NA,NA
SORBUS,Sorbus_sp,Sorbus,sp,NA,NA,NA,Rosaceae,NA,sm.tree,W,DI,NA,NA,NA,NA,NA
SPHOBTO,Sphenopholis_obtusata,Sphenopholis,obtusata,obtusata,sensitive,native,Poaceae,FAC,grass,PE,MO,full,NA,NA,NA,NA
STEMED,Stellaria_media,Stellaria,media,NA,tolerant,adventive,Caryophyllaceae,upland,forb,AN,DI,advent,NA,NA,FALSE,FALSE
SYMORB,Symphoricarpos_orbiculatus,Symphoricarpos,orbiculatus,NA,midrange,native,Caprifoliaceae,upland,shrub,W,DI,partial,NA,NA,NA,NA
SYMFOE,Symplocarpus_foetidus,Symplocarpus,foetidus,NA,sensitive,native,Araceae,hydrophyte,forb,PE,MO,shade,NA,NA,NA,NA
TAROFF,Taraxacum_officinale,Taraxacum,officinale,NA,tolerant,adventive,Asteraceae,upland,forb,PE,DI,advent,NA,NA,FALSE,FALSE
TAXCAN,Taxus_canadensis,Taxus,canadensis,NA,sensitive,native,Taxaceae,FAC,shrub,W,GYMN,shade,NA,NA,NA,NA
TEUCAN,Teucrium_canadense,Teucrium,canadense,NA,midrange,native,Lamiaceae,hydrophyte,forb,PE,DI,full,NA,NA,NA,NA
THADAS,Thalictrum_dasycarpum,Thalictrum,dasycarpum,NA,midrange,native,Ranunculaceae,hydrophyte,forb,PE,DI,full,NA,NA,NA,NA
THAPUB,Thalictrum_pubescens,Thalictrum,pubescens,NA,midrange,native,Ranunculaceae,hydrophyte,forb,PE,DI,full,NA,NA,NA,NA
THATRI,Thaspium_trifoliatum,Thaspium,trifoliatum,NA,midrange,native,Apiaceae,upland,forb,PE,DI,full,NA,NA,NA,NA
THEHEX,Thelypteris_hexagonaptera,Thelypteris,hexagonaptera,NA,sensitive,native,Thelypteridaceae,FAC,fern,PE,SVP,shade,NA,NA,NA,NA
THENOV,Thelypteris_noveboracensis,Thelypteris,noveboracensis,NA,midrange,native,Thelypteridaceae,FAC,fern,PE,SVP,shade,NA,NA,NA,NA
TIACOR,Tiarella_cordifolia,Tiarella,cordifolia,NA,sensitive,native,Saxifragaceae,FAC,forb,PE,DI,shade,NA,NA,NA,NA
TILAME,Tilia_americana,Tilia,americana,NA,sensitive,native,Tiliaceae,upland,tree,W,DI,tree,NA,NA,NA,NA
TORJAP,Torilis_japonica,Torilis,japonica,NA,tolerant,adventive,Apiaceae,upland,forb,AN,DI,advent,2,NA,FALSE,FALSE
TOXRAD,Toxicodendron_radicans,Toxicodendron,radicans,NA,tolerant,native,Anacardiaceae,FAC,vine,W,DI,partial,NA,NA,NA,NA
TRFPRA,Trifolium_pratense,Trifolium,pratense,NA,tolerant,adventive,Fabaceae,upland,forb,PE,DI,advent,NA,NA,FALSE,FALSE
TRFREP,Trifolium_repens,Trifolium,repens,NA,tolerant,adventive,Fabaceae,upland,forb,PE,DI,advent,NA,NA,FALSE,FALSE
TRLGRA,Trillium_grandiflorum,Trillium,grandiflorum,NA,midrange,native,Liliaceae,upland,forb,PE,MO,shade,NA,NA,NA,NA
TSUCAN,Tsuga_canadensis,Tsuga,canadensis,NA,sensitive,native,Pinaceae,upland,tree,W,GYMN,tree,NA,NA,NA,NA
TUSFAR,Tussilago_farfara,Tussilago,farfara,NA,tolerant,adventive,Asteraceae,upland,forb,PE,DI,advent,NA,NA,FALSE,FALSE
ULMAME,Ulmus_americana,Ulmus,americana,NA,tolerant,native,Ulmaceae,hydrophyte,tree,W,DI,tree,NA,NA,NA,NA
ULMRUB,Ulmus_rubra,Ulmus,rubra,NA,midrange,native,Ulmaceae,FAC,tree,W,DI,tree,NA,NA,NA,NA
URTDIOD,Urtica_dioica_dioica,Urtica,dioica,dioica,tolerant,adventive,Urticaceae,upland,forb,PE,DI,advent,NA,NA,FALSE,FALSE
URTIDIOP,Urtica_dioica_procera,Urtica,dioica,procera,tolerant,native,Urticaceae,FAC,forb,PE,DI,full,NA,NA,NA,NA
UVUGRA,Uvularia_grandiflora,Uvularia,grandiflora,NA,midrange,native,Liliaceae,upland,forb,PE,MO,shade,NA,NA,NA,NA
VACPAL,Vaccinium_pallidum,Vaccinium,pallidum,NA,sensitive,native,Ericaceae,upland,shrub,W,DI,shade,NA,NA,NA,NA
VERURT,Verbena_urticifolia,Verbena,urticifolia,NA,midrange,native,Verbenaceae,upland,forb,PE,DI,full,NA,NA,NA,NA
VERALT,Verbesina_alternifolia,Verbesina,alternifolia,NA,midrange,native,Asteraceae,FAC,forb,PE,DI,partial,NA,NA,NA,NA
VERGIG,Vernonia_gigantea,Vernonia,gigantea,NA,tolerant,native,Asteraceae,FAC,forb,PE,DI,full,NA,NA,NA,NA
VEROFF,Veronica_officinalis,Veronica,officinalis,NA,tolerant,adventive,Scrophulariaceae,upland,forb,PE,DI,advent,NA,NA,FALSE,FALSE
VERSER,Veronica_serpyllifolia,Veronica,serpyllifolia,NA,tolerant,adventive,Scrophulariaceae,FAC,forb,PE,DI,advent,NA,NA,FALSE,FALSE
VIBACE,Viburnum_acerifolium,Viburnum,acerifolium,NA,sensitive,native,Caprifoliaceae,upland,shrub,W,DI,shade,NA,NA,NA,NA
VIBALN,Viburnum_alnifolium,Viburnum,alnifolium,NA,sensitive,native,Caprifoliaceae,FAC,shrub,W,DI,shade,NA,NA,NA,NA
VIBDEN,Viburnum_dentatum,Viburnum,dentatum,NA,tolerant,native,Caprifoliaceae,FAC,shrub,W,DI,full,NA,NA,NA,NA
VIBLEN,Viburnum_lentago,Viburnum,lentago,NA,midrange,native,Caprifoliaceae,FAC,shrub,W,DI,partial,NA,NA,NA,NA
VIBOPUO,Viburnum_opulus,Viburnum,opulus,opulus,tolerant,adventive,Caprifoliaceae,advent,shrub,W,DI,advent,3,established,FALSE,FALSE
VIBPLI,Viburnum_plicatum,Viburnum,plicatum,NA,tolerant,adventive,Caprifoliaceae,advent,shrub,W,DI,advent,3,NA,FALSE,FALSE
VIBREC,Viburnum_recognitum,Viburnum,recognitum,NA,tolerant,native,Caprifoliaceae,hydrophyte,shrub,W,DI,partial,NA,NA,NA,NA
VINMIN,Vinca_minor,Vinca,minor,NA,tolerant,adventive,Apocynaceae,upland,vine,PE,DI,advent,4,established,FALSE,FALSE
VIOCAN,Viola_canadensis,Viola,canadensis,NA,midrange,native,Violaceae,upland,forb,PE,DI,shade,NA,NA,NA,NA
VIOCON,Viola_conspersa,Viola,conspersa,NA,midrange,native,Violaceae,hydrophyte,forb,PE,DI,partial,NA,NA,NA,NA
VIOHAS,Viola_hastata,Viola,hastata,NA,sensitive,native,Violaceae,upland,forb,PE,DI,shade,NA,NA,NA,NA
VIOPUB,Viola_pubescens,Viola,pubescens,NA,midrange,native,Violaceae,upland,forb,PE,DI,shade,NA,NA,NA,NA
VIOSOR,Viola_sororia,Viola,sororia,NA,tolerant,native,Violaceae,FAC,forb,PE,DI,shade,NA,NA,NA,NA
VIOSTR,Viola_striata,Viola,striata,NA,midrange,native,Violaceae,hydrophyte,forb,PE,DI,partial,NA,NA,NA,NA
VITAES,Vitis_aestivalis,Vitis,aestivalis,NA,midrange,native,Vitaceae,upland,vine,W,DI,shade,NA,NA,NA,NA
VITRIP,Vitis_riparia,Vitis,riparia,NA,midrange,native,Vitaceae,hydrophyte,vine,W,DI,partial,NA,NA,NA,NA
XANSTR,Xanthium_strumarium,Xanthium,strumarium,NA,tolerant,adventive,Asteraceae,FAC,forb,AN,DI,advent,NA,NA,FALSE,FALSE
ZIZAUR,Zizia_aurea,Zizia,aurea,NA,sensitive,native,Apiaceae,FAC,forb,PE,DI,full,NA,NA,NA,NA
